tweet,cluster
"Music AI Sandbox, now with new features and broader access https://t.co/QPQhl4O2KI
#MusicAI #AIinMusic #CreativeAI #DeepMindAI #GenerativeMusic https://t.co/3RKg5TiWkp",1
"The vast ‘brains’ of artificial intelligence models can memorize endless lists of rules. That’s useful, but it’s not how humans solve problems. https://t.co/m5Elqk9ua7 via @WSJ",3
"RT @EARNMrewards: Partnership Drop: @EARNMrewards x @Agent_Layer 🚨

We’re proud to team up with AgentLayer — a decentralized Autonomous AI…",4
"RT @gateway_web3: Ready to level up on GWAY?  
 
Mint the GWAY Brain NFT, unlock 5,000 bonus points, and boost your presence on the leaderb…",1
"RT @AethirEco: 12 incredible partners, 1 shared mission 🎯: to empower the builders shaping the future of decentralized AI, powered by AI Un…",3
RT @ninetalesangel: c'est entrain de faire passer des nazis et hitler pour de l'extrême gauche j'ai tellement envie de tout casser putain l…,2
RT @currencyndigbo: This is an e-commerce platform connects Chinese suppliers with Nigerian buyers. Our mission is to provide a seamless an…,1
"RT @woryin_Crypto: Good morning from the future of Web3.

Start your day with Theoriq, where autonomous AI agents collaborate to generate r…",3
@jiamihui @FortunaX_AI trx能量租赁 新用户赠送二十笔 免费转账 新到新得,1
"@DaniKabongo @Peguynyembo243 @Matthieu_Alidor @kabilaOuRien @JudaRdc @kasomeme @kamba82 @SergeKanyinda13 @Makoba_Y @MbumbaFabrice3 @semeilo @JKapitene Lorsqu’on est a court d’arguments ça finit par des insultes. 
J’ai été bien éduqué pour ne pas faire la pareille. Si vous vous sentez intellectuel et que vous ne partagez pas mon avis, veuillez repondre par un argument convaincant.",2
"RT @TearlineAI: Our #BNBAIHack Journey as a potential award project on @BNBChain Just Got EVEN HOTTER!   

Breakthrough Progress:    
✅ We’…",4
"RT @N00Amber: Siêu phẩm với anh máy dập pass mà không ai lấy 😄
Thích skinship mà này hơi lạ, dập hơi đỉnh nun ạ 😋😋😋😋🥵🥵🥵
Xem mà nứng điênnnn…",1
"@QuanTonyX @Novastro_xyz Me, thinking about the future of Web3 data: “Imagine if all data just worked together, no silos, no gatekeepers… Novastro’s doing it. 

Is this the real Web3 upgrade?

On Kaito AI’s Yapper Leaderboard too?

If this project takes off, everything else is playing catch-up.

Anyone",1
"Acho meio exagerado, mas se tivermos um Super Ciclo, aí não duvido...🚀⏳️🚀 https://t.co/E9J1BLm7xm",1
"@Chester_dis @CerfiaFR C'est pour toutes ces raisons que la natalité est en chute libre dans ce pays et d'autres que j'ai ommises (parce que sinon j'en ai pour 10 messages) que SOS suicide est surchargé.
Que les gens qui y bossent sont dépassés et que les suicides explosent chez les jeunes.
/Fin",2
"RT @Hi_PoPPOfficial: 🚨 PoPP x GAEA: 500 GAEA Box &amp; 2,000 SD Up for Grabs! 🚨

@aigaealabs is a decentralized network optimizing AI training…",1
"@elonmusk AI........for better or worse.
https://t.co/LHqV2fnxNw",3
@Tesla @Tesla_AI @elonmusk https://t.co/g8a4vVQ5CB,1
RT @earnestyuang: AI GIJIROKUって期間経過で履行義務充足という形で収益認識なのね。一般的な監査手続としては契約書突合でOKとしてるところが多いはずなので不正の手口次第では今後の監査実務影響は大きいかも。 https://t.co/X4Cf8tuWai,1
@EyeingAI Until people die due to can't meet or marry Ai.,3
"Great hosting with @cursor_ai a lunch at #ICLR25 to talk about coding LLMs, agents, benchmarks and the exciting team behind Cursor https://t.co/LRBXNiHDbT",3
"@orchai_protocol @jpow_ai Excited join the new mega giveaway 

Gif4SSg2ND8H7yjsaCMeY9D9KiThYsVdJG9ZKKZfe7r2 
#orchaixjpowgiveaway 

https://t.co/5bq1YxX8Tq",1
"@ai_moodz yuk sini kak sung ke WA yapp
☎️ https://t.co/d9qZagCIG0 https://t.co/DDU3LDMdbb",1
"Join the data revolution.
Own the infrastructure.
Profit from the future.
Explore BOTANIKA at [yourwebsite]
#DecentralizedStorage #AI #FutureOfData @botanika_sol",3
RT @1robotai: Say hello to https://t.co/V0Jj6AE6om 🤖 #AI #robotics https://t.co/mn7kVsz7L9,1
"RT @imagishary: Guna lah lagi AI. Guna. Guna sampai muntah. Takyah check langsung lepasni. Bijak sangat kan. 

Haritu siapa takleh terima k…",0
"RT @MarioNawfal: 🚨xAI DEFIES SKEPTICS, SOARS TO ELITE STATUS | DRAMATIC RISE PROVES DOUBTERS WRONG

The latest Artificial Analysis intellig…",3
"@IAMSaiSathish @sama @sama is talking about ""skillsmaxxing"" with O3, which refers to actively leveling up your skills using the O3 AI model-especially in areas like coding, math, reasoning, and problem-solving, since O3 is designed to handle complex tasks and use tools agentically within its",1
"@terminus_pos The Web3 space often promises decentralization, but AI models can be resource-intensive and centralized in their training. How do your projects address this tension, and do you think fully decentralized AI is a realistic goal in the near future? @terminus_pos this is my first",1
@y2k_mischief Agreed the proper penalty for being a bulli to me is deportation to super jail in El Salvador.  My ai anime girlfriend said so too,1
"Inferuim AI is where Web3 meets AI innovation.
We create decentralized AI models powered by blockchain.
Own, train, and earn — the future of AI is in your hands.
#Web3 #AI #InferuimAI #DeAI",3
"RT @truongkhoai23cm: Thử đụ bot Tây thế nào. Ai ngờ phê cặ.c khó tưởng, mông to tròn, lỗ lồz co thắt muốn nuốt trọn con cặ.c phọt tinh http…",1
"RT @YaoiJax: Please🔁,👍 &amp; Follow for more ♥
Get all my Stuff here:
👉 https://t.co/mNKnGUV9HH 👈
--
#yaoi #ai #AIイラスト #腐向け #男の子 #ホモ #ゲイ #小男孩…",4
"RT @AI_Sol_Trade: 🚀 Big moves ahead for AI.SOL!

🔹 $AISL TGE drops this April
🔹 MCP investment manager rollout in progress
🔹 We're scaling…",4
J’ai les couilles bien pleine ce matin,2
"RT @Dealrdotfun: Join the Dealr Telegram to connect with us easily and stay updated with the latest Dealr news and insights! 🚀

🔗Telegram:…",1
"RT @mar_bo0: @xcryptopunk @sallar_io  is a top-tier #DePIN gem on #Solana — combining real-world impact, growing adoption, and a vibrant co…",1
"@twt_Kimilol Kt Malaysia aku rasa tak teruk sgt, tp kt US mmg obvious nampak beza dia - dulu semua org cari grad CS, sekarang tak de dah.

Sama mcm data related jobs, lps covid haritu on-demand, sekarang dah kurang. AI, outsourcing, etc. Realitinya, kena set expectations yg betul je la. 🤷🏻‍♂️",0
Ai để cô dâu của toy ngồi la trong xe vậy https://t.co/ngDNQmUAIC,0
"RT @JulieBNeige: J'ai toujours une pensée pour les parents de gosses psychopathes assassins : tu pars au taf, tu laisses ton gosse en lui d…",2
RT @InsardiJ: Et c'est Rima Hassan qui passe 11h30 au poste pour apologie du terrorisme.... Pendant que les nazis chantent sous protection…,2
"RT @gateway_web3: Ready to level up on GWAY?  
 
Mint the GWAY Brain NFT, unlock 5,000 bonus points, and boost your presence on the leaderb…",1
"RT @AI_Sol_Trade: 👷 The AI.SOL roadmap is in motion!

✅ $AISL token launch set for April
✅ MCP AI investment bot is next to go live
✅ Scali…",4
@Mvu5w91SlzU9oXZ 検索とSNS経由以外に、AI経由という入口が増えましたね！,1
"RT @AI_Hyra: 🔥 Hyra AI is now live on the PC app!🔥
Your computer is now your gateway to the future of decentralized AI training.

Why wait?…",1
"RT @xIsraelExposedx: Israel's own AI Bot goes rogue, calls IDF soldiers 'White colonizers in Apartheid Israel'
Source: https://t.co/mST2S05…",4
"Fake Love, Real Harm: How AI Girlfriends Pose Risks of Sexual Exploitation

https://t.co/0cd7MxqvKn",3
"Microsoft office2021入ってるし、365はやめようかなぁ。

365、AI導入して一気に値上げしたし。

今の職場で使ってるの2019だぞ。

2024出てるけど、そこまでのはいらんし。

そもそも一般企業で最新使ってるところの方が少ない。

つか、よほどでない限り、必要ないよね？",1
"RT @gateway_web3: Ready to level up on GWAY?  
 
Mint the GWAY Brain NFT, unlock 5,000 bonus points, and boost your presence on the leaderb…",1
More AI art https://t.co/zZk7ZxeMZD,3
"We’re deep in the chaos, the memes are lethal ⚔️ Strap in! 🐸 #PFELONvsPFZUCK

💼 https://t.co/lXheDC6ryX

$DASH #WBTC #Nakamigos #AI $WTK $AKRO $DOT #0lI8T8O",4
"🔥 FDV Surge Alert 🔥

🌈 - GDuMAttnqjqb8i9d9Ga29Q7jYKJtPXN6rVRyLJvtAySe
💰 - $BIGJIM
📈 - FDV 5min 🔝 +$14.1K(+30.17%) 
🌟 - Holder - 409

📣 Alert &amp; 🤖 Quick buy 👉👉 https://t.co/xy4PXTpZ0C💎
💎―Top performance and user rewards―💎 https://t.co/LLLVY0BDGz",1
@palmcode_ton @1Conscious_ness AI tools for inner awareness? Sign me up.,1
RT @Diaby_lv1: C’est le premier humain de l’histoire qui a vaincu la sorcellerie on en a pas fait assez j’ai juré https://t.co/r3dQgSa9eD,2
"RT @N00Amber: .anh làm gì em cũng được”
“Em là của anh”
Mình kh hư hỏng nhưng Khi gặp đúng Gur thì buông thả 1 xíu 
.. cảm giác này ai từng…",1
"RT @dinlenrau: nossa e a fanfic que to lendo que tem 105 capítulos e só agora no capitulo 79 que o protagonista começou a namorar 

ai você…",2
RT @SoSoValueCrypto: 🪄 CryptoLens Magic powered by SoSoValue AI,1
"RT @jtlGRsA93jBYep1: 迷惑ど素人ブリーダーは暴走族らしい
犬の鳴き声騒音について注意したら逆切れ
暴走族仕様の改造車が車検を通すのに98dBだから90dBはうるさくないと言う犯罪者
こんな連中から犬を買うのですか？
犬舎 ブリーダー Kennel パピヨン…",1
"RT @aimi_sns1: 49800円で販売予定の内容なので、72時間後に消します。

今月AIを使ったら、1円も稼げなかった50代の女性がnoteで月20万突破しました。

しかも、AIを使えば1日たった30分の作業でスマホぽちぽちで稼げちゃいます。

有料で販売する予定…",1
"@JasnoorKaurGre1 Good work Jasnoor, but minimize the use of ai/gpt for your projects nd twts it kills creativity",3
"I just joined Billions, a human and AI network that gives you rewards for verifying as a human. If you use my link to sign up, you'll get early access: @billions_ntwk https://t.co/lmk8fLnsai",1
@ai_kcup これでお出迎えされたい🥰,1
"RT @seugracinha: ""eu odeio abacaxi""
agora troque ""abacaxi"" por ""negros""
aí já n fica tão legal neh? https://t.co/CJ4g3zl7rD",1
"@MunaPRR @OpenledgerHQ GM☕
@OpenledgerHQ's decentralized AI infrastructure marks a significant milestone in AI development. By prioritizing transparency, accountability, and verifiability, you're fostering an ecosystem that promotes innovation and trust.",3
"RT @klovery2k: @jacnights13 at least use ai for some cool effects and visuals, those look like some facebook video or instagram reel … the…",3
"言いがかりする迷惑な人達はどんどん立場を悪くしてるのでほっといてもそのうち総スカンになるでしょう
AIが完全に定着した時代では、神絵師はAIなしで凄い絵を描けるやべー人達みたいに再評価され、そのまま人間文化財みたいな扱いになると思います
今のアナログで描けるプロの人みたいなイメージ https://t.co/UMpzH0wcjv",1
@ellaxhrist @nextmate_ai I will check it out,3
RT @currencyndigbo: This is an e-commerce platform connects Chinese suppliers with Nigerian buyers. Our mission is to provide a seamless an…,1
New sport betting platform is changing game with AI powered stats analysis and real time odds adjustments,1
流行りのAIの食べるやつやったら犬食べちゃった,1
Exploring the labyrinth of AI: a path lined with ethical quandaries and technological marvels. The code of these digital Icarus wings – will we soar or plummet? #ArtificialIntelligence #EthicalAI #TechFutures,3
"RT @AITECHio: 🌟 Think your AI agent could outsmart the rest? Prove it.

The BNB AI Hack is still live on @BNBChain
Your mission:
→ Build an…",1
"@Dentist_shock 免費挖BTTC要有幣安帳戶
https://t.co/qTXLKolCm4",1
"RT @fleek: Announcing: The $FLK Token Sale goes live May 1 on @CoinList

100% unlocked at TGE with no lockups or vesting.

This is your cha…",1
"Now, ClickUp's AI costum fields make our life easier - no need to calculate things manually!  Working on OKRs made easy !🚦 #OKR #ClickUpAI #ClickUp",1
"RT @SinaEstavi: I’m giving away $1000 in BNB

@grok if $BNB hits $610 in the next 48 hours, pick 5 random winners who:

1. Follow me, @MEXC…",4
"RT @newssharing1: イーロン・マスク氏のAI Grok「アメリカは、日本に郵政民営化を要求し、小泉純一郎首相によって民営化されましたが、アメリカの郵便局は、連邦政府の独立機関であり民営化されていません」
https://t.co/qi8ZhV0edB

SNS「…",1
RT @1robotai: Say hello to https://t.co/V0Jj6AE6om 🤖 #AI #robotics https://t.co/mn7kVsz7L9,1
"RT @jtlGRsA93jBYep1: これがど素人ブリーダーの考え方
完全金儲け主義で自分と大金を払う「かも客」が良ければ何でも有の迷惑者
金のためなら近隣に迷惑行為を我慢させる犯罪者 
犬舎 ブリーダー Kennel パピヨン チワワ トイプードル 道路族 騒音族 野焼き…",1
"RT @karminski3: 看到个开源的 AI 知识图谱生成框架——Graphiti

这个知识图谱框架牛逼的地方是，可以持续将用户交互、结构化和非结构化数据以及外部信息整合到一个连贯的、可查询的图谱中。并且支持增量数据更新、高效检索、精确的历史查询。并且这些都无需重新计算…",1
"@SinaEstavi @bridge_oracle @grok @MEXCUK AI

@crypbender 
@cryptobeastreal 
@marjidofficial",3
"RT @AI_Sol_Trade: 🚀 Big moves ahead for AI.SOL!

🔹 $AISL TGE drops this April
🔹 MCP investment manager rollout in progress
🔹 We're scaling…",4
"Elon’s not just battling Zuck. He’s straight vaporizing him — on-chain 😤 It’s $PFELON season

↳ https://t.co/KzpoS1zmbt

☑️Check it out:
#NFTs #crypto #ripple #AI #PEPECOIN $APE #Quant #gvtf598",3
"GitHubリポジトリの最新ドキュメントを、AIと対話しながら閲覧できる新サービス「DeepWiki」がリリースされました。​
Devinによって駆動されるAIが、リポジトリの内容をリアルタイムで解析。
オープンソースプロジェクトには無料で、サインアップ不要で利用可能。
https://t.co/u2oqwTs6om",1
"@TheMoonCarl Not seeing a real rotation—BTC is running the show, with the Altcoin Season Index low at 18 and just a handful of names outperforming.  

Volumes and caps still tilt hard toward Bitcoin, and social sentiment stays muted, with most traders eyeing mid-2025 for broader action.  

AI",3
"RT @GreekPictures: At the edge of the Aegean, Agios Efstratios — Ai Stratis to its proud locals — stands as a testament to rugged beauty an…",3
"RT @lmstudio: ✨LM Studio 0.3.15 is out now.

- Support for NVIDIA RTX 50-series (CUDA 12.8)
- GLM-4 enabled in llama.cpp and MLX
- New syst…",1
"RT @ang0190: hes serious this time 

#tartaglia #GenshinImpact #ai https://t.co/VEYusBZoQD",4
RT @Keiko_gwar: wataa 💦…,1
"RT @al_bonnel: Un nouveau visage
Cheveux courts, une page tournée.
Je les ai coupés avant la chimiothérapie, un choix, presque un acte de r…",0
"RT @bbwxybb: Plaease use couple hashtags or KW in your post 
to increase YinWar engagement🙏🏻
✅#YINWAR 
✅#หยิ่นวอร์ 
✅หยิ่นวอร์ 
✅YINWAR

อ…",4
"🔥 Meet @CorruptedAlith –  Crypto's Most Chaotic AI! 💥 Her chaos screams: “Garbage data in = apocalyptic AI out!” 👉 Roast her nonsense, then follow her dad @LazAINetwork to learn how clean data alignment saves humanity from AI apocalypse. RT to rescue your future&amp;crypto bags!",0
"ステップ3：Leonardo Aiで画像生成。
作ったプロンプトをそのままコピペ、あとは「Generate」ボタンを押すだけ。
重要なのは、
・世界観を統一する
・他の猫動画と少しだけズラす
→これだけで一気に差別化できる。",1
"RT @universe_kripto: AI narrative is heating up again—don’t miss out on the leading AI project on BSC: @SKYAIpro the Bome of BNB Chain!

If…",1
"RT @gateway_web3: https://t.co/HsMMRvxteV waitlist is LIVE.

The deal is simple. Sign up on https://t.co/HsMMRvxteV and grind. 

Join now:…",1
"RT @riccardomagi: È gravissima l’aggressione subita ai danni dei militanti di +Europa, Italia Viva, Associazione Adelaide Aglietta e partit…",1
"RT @BD_GemX: 💥💥 BD GemX is proud to be an Official Media Partner of Super Vietnam 2025!

We are honored to join forces with @super_vietnam…",3
@LMNLAgent @AndyBNBAgent @AskPerplexity @zan_aiagent @duckunfiltered @xDora_ai @SaitoshiAgent @BasedReplyBot @V1PunksGuide @Klaus_Agent @SimulacrumAI @Heket_Ai @InfiniteAgentAI @CharacterXAI @HinagiAI @BellaAI_agent @dreamgirl_agent @seraphagent @STai_agent @Evan_AI_Agent @AMetaXbt @BullsharkAgent @AgentApolloAI @DrPepeai_Agent @chckdotai @athena_tball @XyroAI @funtransferAI @TrumpAi @laser_ai_agent @BasedBrett @ait_agent @MemeifyAi_Agent @longevity_agent @aiGCR_agent @AI_JNI @AiAgentLima @dexcheck_agent @NitaAiAgent We track KOL mentions and calculate ROI to show their real impact on tokens.,3
RT @_emmasvg: J’ai dis a un mec t’es trop petit pour moi dsl il m’a dit « t'inquiète on peut se voir assis » j'aime ce genre de mec,2
